date,month,season_bucket,temperature_bucket,observed_tmax_f,observed_tmin_f,daily_temperature_range_f,precipitation_flag,weather_regime,observation_count,largest_gap_minutes,selection_reason
2025-01-02,1,winter_jan_feb,cold,42.98,37.04,5.94,False,cloudy,24,60.0,systematic_tmax_rank_evenly_spaced
2025-01-09,1,winter_jan_feb,cold,33.08,21.92,11.16,False,clear_dry,24,60.0,systematic_tmax_rank_evenly_spaced
2025-01-22,1,winter_jan_feb,very_cold,19.04,10.94,8.1,False,clear_dry,24,60.0,systematic_tmax_rank_evenly_spaced
2025-01-27,1,winter_jan_feb,cold,39.92,30.92,9.0,False,clear_dry,24,60.0,systematic_tmax_rank_evenly_spaced
2025-02-04,2,winter_jan_feb,moderate,48.02,35.06,12.96,False,clear_dry,24,60.0,systematic_tmax_rank_evenly_spaced
2025-02-06,2,winter_jan_feb,cold,37.94,30.02,7.92,True,precipitation,59,60.0,swapped_in_for_precip_storm_coverage
2025-02-19,2,winter_jan_feb,cold,30.02,17.06,12.96,False,clear_dry,24,60.0,systematic_tmax_rank_evenly_spaced
2025-02-25,2,winter_jan_feb,moderate,57.2,42.8,14.4,False,clear_dry,24,79.0,systematic_tmax_rank_evenly_spaced
2025-03-02,3,spring,cold,37.4,19.94,17.46,False,clear_dry,27,60.0,systematic_tmax_rank_evenly_spaced
2025-03-14,3,spring,moderate,55.94,41.0,14.94,False,cloudy,27,60.0,systematic_tmax_rank_evenly_spaced
2025-03-19,3,spring,moderate,62.06,44.06,18.0,False,clear_dry,24,60.0,systematic_tmax_rank_evenly_spaced
2025-04-10,4,spring,moderate,48.92,41.0,7.92,True,precipitation,24,60.0,systematic_tmax_rank_evenly_spaced
2025-04-23,4,spring,warm,75.02,55.04,19.98,False,clear_dry,24,60.0,systematic_tmax_rank_evenly_spaced
2025-05-01,5,spring,warm,71.06,51.98,19.08,False,clear_dry,24,60.0,systematic_tmax_rank_evenly_spaced
2025-05-03,5,spring,warm,84.02,64.04,19.98,False,clear_dry,24,60.0,systematic_tmax_rank_evenly_spaced
2025-05-25,5,spring,moderate,64.94,51.98,12.96,False,cloudy,24,60.0,systematic_tmax_rank_evenly_spaced
2025-06-05,6,early_summer,very_hot,86.0,69.98,16.02,False,clear_dry,24,60.0,systematic_tmax_rank_evenly_spaced
2025-06-06,6,early_summer,warm,82.94,71.06,11.88,True,precipitation,26,60.0,systematic_tmax_rank_evenly_spaced
2025-06-10,6,early_summer,warm,73.04,62.06,10.98,True,precipitation,53,60.0,systematic_tmax_rank_evenly_spaced
2025-06-11,6,early_summer,warm,80.06,64.94,15.12,False,clear_dry,24,60.0,systematic_tmax_rank_evenly_spaced
2025-06-15,6,early_summer,moderate,64.04,59.0,5.04,False,cloudy,33,60.0,systematic_tmax_rank_evenly_spaced
2025-06-16,6,early_summer,warm,69.8,59.0,10.8,True,precipitation,41,60.0,systematic_tmax_rank_evenly_spaced
2025-06-24,6,early_summer,very_hot,98.06,82.04,16.02,False,clear_dry,24,60.0,systematic_tmax_rank_evenly_spaced
2025-06-29,6,early_summer,very_hot,87.98,77.0,10.98,False,clear_dry,24,60.0,systematic_tmax_rank_evenly_spaced
2025-07-02,7,midsummer,warm,82.04,71.06,10.98,True,precipitation,38,60.0,systematic_tmax_rank_evenly_spaced
2025-07-03,7,midsummer,very_hot,87.08,71.96,15.12,False,clear_dry,25,60.0,systematic_tmax_rank_evenly_spaced
2025-07-06,7,midsummer,very_hot,86.0,71.96,14.04,False,clear_dry,24,60.0,systematic_tmax_rank_evenly_spaced
2025-07-08,7,midsummer,very_hot,93.02,77.0,16.02,False,clear_dry,29,60.0,systematic_tmax_rank_evenly_spaced
2025-07-11,7,midsummer,warm,84.02,73.04,10.98,False,cloudy,35,60.0,systematic_tmax_rank_evenly_spaced
2025-07-21,7,midsummer,warm,84.92,71.96,12.96,False,clear_dry,24,60.0,systematic_tmax_rank_evenly_spaced
2025-07-22,7,midsummer,warm,78.98,68.0,10.98,False,clear_dry,24,60.0,systematic_tmax_rank_evenly_spaced
2025-07-29,7,midsummer,very_hot,96.98,78.98,18.0,False,clear_dry,24,60.0,systematic_tmax_rank_evenly_spaced
2025-08-03,8,august,warm,82.94,64.04,18.9,False,clear_dry,24,60.0,systematic_tmax_rank_evenly_spaced
2025-08-08,8,august,warm,80.96,64.04,16.92,False,clear_dry,24,60.0,systematic_tmax_rank_evenly_spaced
2025-08-10,8,august,very_hot,89.06,69.08,19.98,False,clear_dry,24,60.0,systematic_tmax_rank_evenly_spaced
2025-08-11,8,august,very_hot,87.98,71.96,16.02,False,clear_dry,24,60.0,systematic_tmax_rank_evenly_spaced
2025-08-12,8,august,very_hot,89.06,71.06,18.0,False,clear_dry,24,60.0,systematic_tmax_rank_evenly_spaced
2025-08-19,8,august,warm,75.92,64.94,10.98,False,cloudy,24,60.0,systematic_tmax_rank_evenly_spaced
2025-08-20,8,august,warm,69.8,62.96,6.84,True,precipitation,46,60.0,systematic_tmax_rank_evenly_spaced
2025-08-24,8,august,warm,78.98,68.0,10.98,False,clear_dry,34,60.0,systematic_tmax_rank_evenly_spaced
