year,missing_bucket,A_same_bid_same_ask,B_same_bid_changed_ask,C_changed_bid_same_ask,D_changed_bid_changed_ask
2023,1,100.0,0.0,0.0,0.0
2023,2,100.0,0.0,0.0,0.0
2023,3-5,100.0,0.0,0.0,0.0
2023,6-15,100.0,0.0,0.0,0.0
2023,16-60,100.0,0.0,0.0,0.0
2023,61-180,100.0,0.0,0.0,0.0
2023,>180,100.0,0.0,0.0,0.0
2024,1,100.0,0.0,0.0,0.0
2024,2,99.97419021809266,0.00860326063578096,0.012904890953671441,0.00430163031789048
2024,3-5,99.98490793842439,0.012936052779095339,0.0,0.0021560087965158898
2024,6-15,99.99776591228972,0.0,0.0022340877102835057,0.0
2024,16-60,99.99640804597702,0.0035919540229885057,0.0,0.0
2024,61-180,99.93932959199151,0.06067040800849386,0.0,0.0
2024,>180,100.0,0.0,0.0,0.0
2025,1,99.99337777581565,0.003531852898326785,0.0022074080614542402,0.0008829632245816963
2025,2,99.98093725178713,0.011119936457505957,0.0031771247021445594,0.004765687053216839
2025,3-5,99.99255365094494,0.005957079244046644,0.0,0.001489269811011661
2025,6-15,99.99233892591741,0.002553691360862126,0.005107382721724252,0.0
2025,16-60,99.99496196281929,0.0,0.0,0.005038037180714394
2025,61-180,100.0,0.0,0.0,0.0
2025,>180,100.0,0.0,0.0,0.0
2026,1,100.0,0.0,0.0,0.0
2026,2,100.0,0.0,0.0,0.0
2026,3-5,100.0,0.0,0.0,0.0
2026,6-15,100.0,0.0,0.0,0.0
2026,16-60,99.99100152973995,0.008998470260055791,0.0,0.0
2026,61-180,100.0,0.0,0.0,0.0
2026,>180,100.0,0.0,0.0,0.0
