year,lifecycle_bucket,gap_count,median_gap,median_pre_spread,same_quote_pct
2023,1-3h,1091,14.0,0.22000000000000003,100.0
2023,12-24h,36101,6.0,0.07,100.0
2023,3-6h,2941,14.0,0.20999999999999996,100.0
2023,6-12h,23936,6.0,0.25,100.0
2023,<1h,368,11.0,0.28,100.0
2023,>24h,75488,7.0,0.06,100.0
2024,1-3h,2300,11.0,0.020000000000000004,100.0
2024,12-24h,57611,3.0,0.07999999999999996,99.99826422037458
2024,3-6h,5383,11.0,0.03,100.0
2024,6-12h,31089,3.0,0.18000000000000005,100.0
2024,<1h,1018,10.0,0.02,100.0
2024,>24h,104045,4.0,0.06,99.98269979335865
2025,1-3h,17605,1.0,0.01,100.0
2025,12-24h,103624,1.0,0.02,99.96622404076275
2025,3-6h,32518,1.0,0.01,100.0
2025,6-12h,72553,1.0,0.01,100.0
2025,<1h,8596,1.0,0.01,100.0
2025,>24h,186825,2.0,0.04,99.99946473972969
2026,1-3h,15067,3.0,0.01,100.0
2026,12-24h,100813,1.0,0.01,99.99900806443614
2026,3-6h,24694,2.0,0.01,100.0
2026,6-12h,54977,2.0,0.01,100.0
2026,<1h,6611,4.0,0.01,100.0
2026,>24h,173035,2.0,0.010000000000000009,100.0
