volume_tercile,n,median_gap_count,median_of_median_gap,median_pct_same_quote,median_spread,year
low,727,20.0,18.5,100.0,0.11,2023
mid,727,71.0,7.5,100.0,0.06,2023
high,727,87.0,7.0,100.0,0.06,2023
low,733,31.0,12.0,100.0,0.10999999999999999,2024
mid,731,89.0,7.0,100.0,0.07,2024
high,732,128.0,4.0,100.0,0.06,2024
low,730,201.5,2.0,100.0,0.03,2025
mid,730,187.0,2.0,100.0,0.030000000000000027,2025
high,730,183.5,2.0,100.0,0.030000000000000027,2025
low,538,273.0,2.0,100.0,0.01,2026
mid,538,260.0,2.0,100.0,0.010000000000000009,2026
high,538,223.0,1.0,100.0,0.010000000000000009,2026
