year,missing_bucket,median_abs_bid_change,median_abs_ask_change,median_abs_mid_change,p90_abs_mid_change
2023,1,0.0,0.0,0.0,0.0
2023,2,0.0,0.0,0.0,0.0
2023,3-5,0.0,0.0,0.0,0.0
2023,6-15,0.0,0.0,0.0,0.0
2023,16-60,0.0,0.0,0.0,0.0
2023,61-180,0.0,0.0,0.0,0.0
2023,>180,0.0,0.0,0.0,0.0
2024,1,0.0,0.0,0.0,0.0
2024,2,0.0,0.0,0.0,0.0
2024,3-5,0.0,0.0,0.0,0.0
2024,6-15,0.0,0.0,0.0,0.0
2024,16-60,0.0,0.0,0.0,0.0
2024,61-180,0.0,0.0,0.0,0.0
2024,>180,0.0,0.0,0.0,0.0
2025,1,0.0,0.0,0.0,0.0
2025,2,0.0,0.0,0.0,0.0
2025,3-5,0.0,0.0,0.0,0.0
2025,6-15,0.0,0.0,0.0,0.0
2025,16-60,0.0,0.0,0.0,0.0
2025,61-180,0.0,0.0,0.0,0.0
2025,>180,0.0,0.0,0.0,0.0
2026,1,0.0,0.0,0.0,0.0
2026,2,0.0,0.0,0.0,0.0
2026,3-5,0.0,0.0,0.0,0.0
2026,6-15,0.0,0.0,0.0,0.0
2026,16-60,0.0,0.0,0.0,0.0
2026,61-180,0.0,0.0,0.0,0.0
2026,>180,0.0,0.0,0.0,0.0
